fps_value,percentage_used,total_subsidy_used,low_amount,low_percentage_of_used,low_percentage_of_total_fps,middle_amount,middle_percentage_of_used,middle_percentage_of_total_fps,high_amount,high_percentage_of_used,high_percentage_of_total_fps
3500.0,53.531790564456095,1873.6126697559635,682.7835603611824,36.442087064351156,19.50810172460521,765.2417393649292,40.84311297193573,21.864049696140835,425.58737002985134,22.714799963713084,12.159639143710038
