period,subsidy,users
evening_peak,353.19588527779564,94.2
morning_peak,425.8521704303399,106.26666666666667
off_peak,764.0189920698266,178.6
