fps_value,seed,final_seed,schema_name,total_equity_indicator,equity_low,equity_middle,equity_high,budget_used_pct,total_subsidy_used,terminated_early,termination_reason
9000.0,1,121345,sim_414086_1771549255,0.40950683303624474,0.17845117845117847,0.13468013468013468,0.09637551990493162,79.16272775198621,7124.645497678758,False,
