fps_value,seed,final_seed,schema_name,total_equity_indicator,equity_low,equity_middle,equity_high,budget_used_pct,total_subsidy_used,terminated_early,termination_reason
5000.0,9,917345,sim_2683082_1771546182,0.8785995410822556,0.31193338094731554,0.3488109167717721,0.21785524336316797,72.53471176622544,3626.7355883112723,False,
