fps_value,seed,final_seed,schema_name,total_equity_indicator,equity_low,equity_middle,equity_high,budget_used_pct,total_subsidy_used,terminated_early,termination_reason
8500.0,9,920845,sim_2683082_1771547955,0.6370531846126338,0.12401261650322978,0.23571589028410045,0.2773246778253037,51.031196684465876,4337.651718179599,False,
