fps_value,seed,final_seed,schema_name,total_equity_indicator,equity_low,equity_middle,equity_high,budget_used_pct,total_subsidy_used,terminated_early,termination_reason
8000.0,9,920345,sim_2683082_1771547615,0.6304289405684752,0.22538501291989654,0.10449612403100766,0.30054780361757105,40.1206908787883,3209.6552703030643,False,
