fps_value,seed,final_seed,schema_name,total_equity_indicator,equity_low,equity_middle,equity_high,budget_used_pct,total_subsidy_used,terminated_early,termination_reason
4000.0,9,916345,sim_2683082_1771545796,0.8822153422772618,0.23078775369797044,0.2497592019263846,0.40166838665290683,79.05968556874517,3162.387422749807,False,
