fps_value,seed,final_seed,schema_name,total_equity_indicator,equity_low,equity_middle,equity_high,budget_used_pct,total_subsidy_used,terminated_early,termination_reason
6000.0,9,918345,sim_2683082_1771546560,0.3732224215061743,0.13337319012376214,0.12124057696140071,0.11860865442101144,87.16631749450046,5229.979049670028,False,
