fps_value,seed,final_seed,schema_name,total_equity_indicator,equity_low,equity_middle,equity_high,budget_used_pct,total_subsidy_used,terminated_early,termination_reason
5000.0,5,517345,sim_2683021_1771546164,0.4680966113914925,0.19246661173481658,0.17959796752154353,0.09603203213513234,69.34664079106977,3467.3320395534893,False,
