fps_value,seed,final_seed,schema_name,total_equity_indicator,equity_low,equity_middle,equity_high,budget_used_pct,total_subsidy_used,terminated_early,termination_reason
8500.0,5,520845,sim_2683021_1771547918,0.4215364140034575,0.10054875968246978,0.16725953825765494,0.15372811606333275,55.185737096965646,4690.7876532420805,False,
