fps_value,seed,final_seed,schema_name,total_equity_indicator,equity_low,equity_middle,equity_high,budget_used_pct,total_subsidy_used,terminated_early,termination_reason
9500.0,5,521845,sim_2683021_1771548618,0.5824154589371979,0.16830917874396126,0.19227053140096612,0.22183574879227055,49.32257218057599,4685.644357154719,False,
