fps_value,seed,final_seed,schema_name,total_equity_indicator,equity_low,equity_middle,equity_high,budget_used_pct,total_subsidy_used,terminated_early,termination_reason
7500.0,5,519845,sim_2683021_1771547234,0.6378510378510378,0.17085877085877088,0.24745624745624747,0.21953601953601945,53.109853711469555,3983.239028360217,False,
