fps_value,seed,final_seed,schema_name,total_equity_indicator,equity_low,equity_middle,equity_high,budget_used_pct,total_subsidy_used,terminated_early,termination_reason
6500.0,2,218845,sim_3512822_1771384782,0.7224350710815026,0.33833352865346306,0.11116119319564771,0.27294034923239185,69.07349798066238,4489.7773687430545,False,
