fps_value,seed,final_seed,schema_name,total_equity_indicator,equity_low,equity_middle,equity_high,budget_used_pct,total_subsidy_used,terminated_early,termination_reason
4000.0,2,216345,sim_3512822_1771382473,0.5876849248942273,0.24291140957807622,0.17571059431524552,0.16906292100090548,74.75163716608819,2990.0654866435275,False,
