fps_value,seed,final_seed,schema_name,total_equity_indicator,equity_low,equity_middle,equity_high,budget_used_pct,total_subsidy_used,terminated_early,termination_reason
3000.0,2,215345,sim_3512822_1771381997,0.7501134589459613,0.2880362317820462,0.10973843104209931,0.3523387961218158,88.23983307854061,2647.1949923562183,False,
