fps_value,seed,final_seed,schema_name,total_equity_indicator,equity_low,equity_middle,equity_high,budget_used_pct,total_subsidy_used,terminated_early,termination_reason
5500.0,2,217845,sim_3512822_1771383848,0.6800730804568349,0.3103342310249889,0.16501751455381136,0.20472133487803457,89.66822511810123,4931.7523814955675,False,
