fps_value,seed,final_seed,schema_name,total_equity_indicator,equity_low,equity_middle,equity_high,budget_used_pct,total_subsidy_used,terminated_early,termination_reason
4500.0,2,216845,sim_3512822_1771382943,0.3396936602788652,0.12986239897428858,0.09906358037410985,0.11076768093046674,96.37000375716285,4336.650169072328,False,
