fps_value,seed,final_seed,schema_name,total_equity_indicator,equity_low,equity_middle,equity_high,budget_used_pct,total_subsidy_used,terminated_early,termination_reason
7000.0,2,219345,sim_3512822_1771385248,0.47254624163715075,0.10412196499153026,0.20046780623855723,0.1679564704070633,66.93072091917477,4685.150464342234,False,
