fps_value,seed,final_seed,schema_name,total_equity_indicator,equity_low,equity_middle,equity_high,budget_used_pct,total_subsidy_used,terminated_early,termination_reason
4000.0,8,816345,sim_1043108_1771382388,0.4956681400884052,0.2080924855491329,0.14071404284257052,0.14686161169670178,66.47984508244981,2659.193803297993,False,
