fps_value,seed,final_seed,schema_name,total_equity_indicator,equity_low,equity_middle,equity_high,budget_used_pct,total_subsidy_used,terminated_early,termination_reason
5000.0,3,317345,sim_4151486_1771383613,0.5453826691967111,0.22838393421884887,0.06450031625553454,0.2524984187223276,64.13206562396948,3206.603281198474,False,
