fps_value,seed,final_seed,schema_name,total_equity_indicator,equity_low,equity_middle,equity_high,budget_used_pct,total_subsidy_used,terminated_early,termination_reason
7000.0,3,319345,sim_4151486_1771385790,0.43539148678740136,0.18140754184311353,0.13977595002424137,0.11420799492004646,61.460489659911445,4302.234276193801,False,
