fps_value,seed,final_seed,schema_name,total_equity_indicator,equity_low,equity_middle,equity_high,budget_used_pct,total_subsidy_used,terminated_early,termination_reason
8000.0,3,320345,sim_4151486_1771386721,0.6590038314176245,0.19157088122605365,0.2258347016967708,0.2415982484948001,49.86678704789845,3989.3429638318757,False,
