fps_value,seed,final_seed,schema_name,total_equity_indicator,equity_low,equity_middle,equity_high,budget_used_pct,total_subsidy_used,terminated_early,termination_reason
4000.0,6,616345,sim_1437307_1771382417,0.6986915347357768,0.32244174319839275,0.1789679293238367,0.19728186221354738,88.07735187403398,3523.094074961359,False,
