fps_value,seed,final_seed,schema_name,total_equity_indicator,equity_low,equity_middle,equity_high,budget_used_pct,total_subsidy_used,terminated_early,termination_reason
3000.0,6,615345,sim_1437307_1771381968,1.1869956408283935,0.42070531094921343,0.22801559648249548,0.5382747333966845,85.40440148124992,2562.132044437498,False,
