fps_value,seed,final_seed,schema_name,total_equity_indicator,equity_low,equity_middle,equity_high,budget_used_pct,total_subsidy_used,terminated_early,termination_reason
6500.0,6,618845,sim_1437307_1771384758,0.4593192195931922,0.2062425219153663,0.12121212121212124,0.13186457646570462,69.62029455839993,4525.319146295996,False,
