fps_value,seed,final_seed,schema_name,total_equity_indicator,equity_low,equity_middle,equity_high,budget_used_pct,total_subsidy_used,terminated_early,termination_reason
5000.0,6,617345,sim_1437307_1771383372,0.6717414451160579,0.2872196831949154,0.06455190263239799,0.31996985928874466,68.91755396850186,3445.877698425093,False,
