fps_value,seed,final_seed,schema_name,total_equity_indicator,equity_low,equity_middle,equity_high,budget_used_pct,total_subsidy_used,terminated_early,termination_reason
8000.0,9,920345,sim_2076022_1771385872,0.3671497584541062,0.18357487922705296,0.09178743961352664,0.09178743961352662,51.534862942577256,4122.78903540618,False,
