fps_value,seed,final_seed,schema_name,total_equity_indicator,equity_low,equity_middle,equity_high,budget_used_pct,total_subsidy_used,terminated_early,termination_reason
5000.0,4,417345,sim_1635588_1771383377,0.9133287073489635,0.40945234816644444,0.10429557403552427,0.3995807851469949,64.17360491280988,3208.680245640494,False,
