fps_value,seed,final_seed,schema_name,total_equity_indicator,equity_low,equity_middle,equity_high,budget_used_pct,total_subsidy_used,terminated_early,termination_reason
9500.0,3,321845,sim_2618265_1771549172,0.533141734037019,0.2356244535468901,0.18245459236129857,0.11506268812883046,48.714390540708706,4627.867101367327,False,
