fps_value,seed,final_seed,schema_name,total_equity_indicator,equity_low,equity_middle,equity_high,budget_used_pct,total_subsidy_used,terminated_early,termination_reason
6000.0,3,318345,sim_2618265_1771546582,0.4728407033386616,0.22363216556354387,0.11663093407273278,0.13257760370238494,75.88224166941598,4552.934500164958,False,
