fps_value,seed,final_seed,schema_name,total_equity_indicator,equity_low,equity_middle,equity_high,budget_used_pct,total_subsidy_used,terminated_early,termination_reason
5000.0,2,217345,sim_2618259_1771546193,0.4480897009966777,0.16680509413067562,0.13593576965669985,0.14534883720930228,79.74915781941837,3987.4578909709185,False,
