fps_value,seed,final_seed,schema_name,total_equity_indicator,equity_low,equity_middle,equity_high,budget_used_pct,total_subsidy_used,terminated_early,termination_reason
7500.0,7,719845,sim_2682953_1771546977,0.5899040418271189,0.1794103777276855,0.1892610594533671,0.22123260464606623,55.327702457962815,4149.577684347211,False,
