fps_value,seed,final_seed,schema_name,total_equity_indicator,equity_low,equity_middle,equity_high,budget_used_pct,total_subsidy_used,terminated_early,termination_reason
5000.0,7,717345,sim_2682953_1771546037,0.5191790952791814,0.09156634756289625,0.19359327279948502,0.23401947491680025,64.81466294177311,3240.733147088655,False,
