fps_value,seed,final_seed,schema_name,total_equity_indicator,equity_low,equity_middle,equity_high,budget_used_pct,total_subsidy_used,terminated_early,termination_reason
9000.0,7,721345,sim_2682953_1771547908,0.6774810040438468,0.22397249359302446,0.24317973464716164,0.2103287758036607,72.64954855020557,6538.459369518501,False,
