fps_value,seed,final_seed,schema_name,total_equity_indicator,equity_low,equity_middle,equity_high,budget_used_pct,total_subsidy_used,terminated_early,termination_reason
6000.0,7,718345,sim_2682953_1771546339,0.3096469221390224,0.15482346106951117,0.05118463974056982,0.10363882132894141,74.92431635553845,4495.458981332307,False,
