fps_value,seed,final_seed,schema_name,total_equity_indicator,equity_low,equity_middle,equity_high,budget_used_pct,total_subsidy_used,terminated_early,termination_reason
5500.0,0,17845,sim_2456623_1771382836,0.5563839781493685,0.24174676233362555,0.13751345410959848,0.17712376170614452,97.88936292079136,5383.914960643525,False,
