fps_value,seed,final_seed,schema_name,total_equity_indicator,equity_low,equity_middle,equity_high,budget_used_pct,total_subsidy_used,terminated_early,termination_reason
4500.0,7,716845,sim_1043107_1771382908,0.764484240384412,0.25167756821405135,0.32986177261277283,0.18294489955758772,99.26996609270078,4467.148474171535,False,
