fps_value,seed,final_seed,schema_name,total_equity_indicator,equity_low,equity_middle,equity_high,budget_used_pct,total_subsidy_used,terminated_early,termination_reason
8500.0,7,720845,sim_1043107_1771386697,0.5464841108857338,0.2614379084967321,0.13071895424836602,0.15432724814063553,67.31330195754127,5721.630666391008,False,
