fps_value,seed,final_seed,schema_name,total_equity_indicator,equity_low,equity_middle,equity_high,budget_used_pct,total_subsidy_used,terminated_early,termination_reason
5000.0,5,517345,sim_1437304_1771383333,0.9734337254038281,0.4028358006932926,0.11488881394660591,0.45570911076392956,62.52569603050744,3126.2848015253717,False,
