fps_value,seed,final_seed,schema_name,total_equity_indicator,equity_low,equity_middle,equity_high,budget_used_pct,total_subsidy_used,terminated_early,termination_reason
7500.0,0,19845,sim_3965213_1771547660,0.4351282572549453,0.16798310245457754,0.18443615697994273,0.08270899782042498,54.02066939061684,4051.5502042962626,False,
