fps_value,seed,final_seed,schema_name,total_equity_indicator,equity_low,equity_middle,equity_high,budget_used_pct,total_subsidy_used,terminated_early,termination_reason
4000.0,6,616345,sim_2683000_1771545695,0.7330688731726538,0.31350772566487906,0.08239002531070723,0.3371711221970674,78.45121412868441,3138.0485651473764,False,
