fps_value,seed,final_seed,schema_name,total_equity_indicator,equity_low,equity_middle,equity_high,budget_used_pct,total_subsidy_used,terminated_early,termination_reason
6000.0,6,618345,sim_2683000_1771546317,0.5226609546204813,0.24921856519754304,0.11134125722625336,0.16210113219668493,86.52329136580006,5191.397481948004,False,
