fps_value,seed,final_seed,schema_name,total_equity_indicator,equity_low,equity_middle,equity_high,budget_used_pct,total_subsidy_used,terminated_early,termination_reason
10000.0,6,622345,sim_2683000_1771548681,0.5808186993986237,0.2255423304260934,0.12162923678512079,0.23364713218740965,72.32098178115437,7232.098178115437,False,
