fps,Total System Travel Time,Travel Time Equity,combined_score
4000.0,3765.5,2.587513902524161,0.008274480868556972
5000.0,3745.875,3.5123726006218723,0.025400238657154992
6000.0,3830.25,2.913446118319352,0.04452637132527112
