fps_value,seed,final_seed,schema_name,total_equity_indicator,equity_low,equity_middle,equity_high,budget_used_pct,total_subsidy_used,terminated_early,termination_reason
4000.0,4,416345,sim_2683018_1771545750,0.75218377765173,0.26927585554925304,0.11574966912459815,0.36715825297787874,83.83944906367506,3353.5779625470027,False,
