fps_value,seed,final_seed,schema_name,total_equity_indicator,equity_low,equity_middle,equity_high,budget_used_pct,total_subsidy_used,terminated_early,termination_reason
9500.0,4,421845,sim_2683018_1771548461,0.5422989867839791,0.2397845441363368,0.07724857327995734,0.22526586936768495,54.47965530773621,5175.567254234939,False,
