fps_value,seed,final_seed,schema_name,total_equity_indicator,equity_low,equity_middle,equity_high,budget_used_pct,total_subsidy_used,terminated_early,termination_reason
7000.0,4,419345,sim_2683018_1771546754,0.738054861692158,0.20767043083318565,0.26971301538442755,0.26067141547454475,87.80447581232045,6146.313306862431,False,
