fps_value,seed,final_seed,schema_name,total_equity_indicator,equity_low,equity_middle,equity_high,budget_used_pct,total_subsidy_used,terminated_early,termination_reason
9000.0,4,421345,sim_2683018_1771548102,0.5949158748709853,0.18929766711189358,0.19228429259506605,0.2133339151640257,82.12094459021563,7390.885013119407,False,
