fps_value,seed,final_seed,schema_name,total_equity_indicator,equity_low,equity_middle,equity_high,budget_used_pct,total_subsidy_used,terminated_early,termination_reason
10000.0,4,422345,sim_2683018_1771548803,0.5824469317760474,0.23518415523421088,0.15346913236929915,0.19379364417253747,75.73643137418206,7573.643137418206,False,
